-- phpMyAdmin SQL Dump
-- version 4.3.11
-- http://www.phpmyadmin.net
--
-- Host: 127.0.0.1
-- Generation Time: Aug 21, 2015 at 12:36 PM
-- Server version: 5.6.24
-- PHP Version: 5.5.24

SET SQL_MODE = "NO_AUTO_VALUE_ON_ZERO";
SET time_zone = "+00:00";


/*!40101 SET @OLD_CHARACTER_SET_CLIENT=@@CHARACTER_SET_CLIENT */;
/*!40101 SET @OLD_CHARACTER_SET_RESULTS=@@CHARACTER_SET_RESULTS */;
/*!40101 SET @OLD_COLLATION_CONNECTION=@@COLLATION_CONNECTION */;
/*!40101 SET NAMES utf8 */;

--
-- Database: `blog`
--

-- --------------------------------------------------------

--
-- Table structure for table `account`
--

CREATE TABLE IF NOT EXISTS `account` (
  `id` int(11) NOT NULL,
  `password` varchar(30) CHARACTER SET utf8 NOT NULL,
  `fullname` varchar(30) CHARACTER SET utf8 NOT NULL,
  `role` tinyint(1) NOT NULL,
  `username` varchar(30) NOT NULL,
  `email` varchar(30) NOT NULL
) ENGINE=InnoDB AUTO_INCREMENT=31 DEFAULT CHARSET=latin1;

--
-- Dumping data for table `account`
--

INSERT INTO `account` (`id`, `password`, `fullname`, `role`, `username`, `email`) VALUES
(28, 'user', 'user1 Jea2r ', 0, 'user', 'tranchau1992@gmail.com'),
(29, 'admin', 'QuangChau', 1, 'admin', 'tranchau1992@gmail.com'),
(30, 'boss', 'Trùm Ma Túy', 1, 'boss', 'tranchau1991@gmail.com');

-- --------------------------------------------------------

--
-- Table structure for table `category`
--

CREATE TABLE IF NOT EXISTS `category` (
  `id` int(11) NOT NULL,
  `alias` varchar(30) CHARACTER SET utf8 NOT NULL,
  `title` varchar(30) CHARACTER SET utf8 NOT NULL,
  `description` text CHARACTER SET utf8 NOT NULL,
  `account_id` int(11) NOT NULL,
  `create_time` datetime NOT NULL,
  `modify_time` datetime NOT NULL
) ENGINE=InnoDB AUTO_INCREMENT=20 DEFAULT CHARSET=latin1;

--
-- Dumping data for table `category`
--

INSERT INTO `category` (`id`, `alias`, `title`, `description`, `account_id`, `create_time`, `modify_time`) VALUES
(1, 'van-hoc', 'Văn Học', 'van hoc la gi?', 29, '2015-08-07 00:00:00', '2015-08-20 08:47:53'),
(2, 'toan-hoc', 'Toán học', 'Toán học', 29, '2015-08-11 00:00:00', '2015-08-20 08:47:55'),
(3, 'cong-nghe', 'Công Nghệ1', 'Công nghệ', 29, '0000-00-00 00:00:00', '2015-08-20 09:58:45'),
(8, 'post-technology', 'Post technology', '<p>Post technology</p>', 29, '2015-08-13 09:45:02', '2015-08-20 08:47:59'),
(9, 'con-nguoi', 'Con người', '<p>là gì&nbsp;&nbsp;&nbsp;&nbsp;&nbsp;&nbsp;&nbsp;&nbsp;</p>', 29, '2015-08-13 13:19:53', '2015-08-20 08:48:03'),
(14, 'asdf', 'asdf', '<p>asdf</p>', 30, '2015-08-20 16:02:57', '2015-08-20 16:02:57'),
(15, 'vat-ly', 'Vat ly', '<p>vat kly</p>', 30, '2015-08-20 16:04:15', '2015-08-20 16:04:15'),
(16, 'van-hoc', 'Văn Học', '<p>van học</p>', 30, '2015-08-20 16:04:37', '2015-08-20 16:04:37'),
(17, 'van-hoc', 'Văn Học', '<p>adsfasdf</p>', 30, '2015-08-20 16:13:07', '2015-08-20 16:13:07'),
(18, 'tieng-viet', 'Tiếng Việt', '<p><span style="color: rgb(37, 37, 37); font-family: sans-serif; line-height: 22.3999996185303px;">Ngày nay tiếng Việt dùng&nbsp;</span><a href="https://vi.wikipedia.org/wiki/B%E1%BA%A3ng_ch%E1%BB%AF_c%C3%A1i_Latinh" title="Bảng chữ cái Latinh" style="color: rgb(11, 0, 128); font-family: sans-serif; line-height: 22.3999996185303px; background: none rgb(255, 255, 255);">bảng chữ cái Latinh</a><span style="color: rgb(37, 37, 37); font-family: sans-serif; line-height: 22.3999996185303px;">, gọi là&nbsp;</span><a href="https://vi.wikipedia.org/wiki/Ch%E1%BB%AF_Qu%E1%BB%91c_ng%E1%BB%AF" title="Chữ Quốc ngữ" style="color: rgb(11, 0, 128); font-family: sans-serif; line-height: 22.3999996185303px; background: none rgb(255, 255, 255);">chữ Quốc ngữ</a><span style="color: rgb(37, 37, 37); font-family: sans-serif; line-height: 22.3999996185303px;">, cùng các dấu thanh để viết</span><br></p>', 30, '2015-08-21 08:23:49', '2015-08-21 08:23:49'),
(19, 'english', 'English', '<p>English in the world</p>', 29, '2015-08-21 08:26:16', '2015-08-21 08:26:16');

-- --------------------------------------------------------

--
-- Table structure for table `comment`
--

CREATE TABLE IF NOT EXISTS `comment` (
  `id` int(11) NOT NULL,
  `account_id` int(11) NOT NULL,
  `content` text NOT NULL,
  `create_time` datetime NOT NULL,
  `post_id` int(11) NOT NULL
) ENGINE=InnoDB AUTO_INCREMENT=65 DEFAULT CHARSET=latin1;

--
-- Dumping data for table `comment`
--

INSERT INTO `comment` (`id`, `account_id`, `content`, `create_time`, `post_id`) VALUES
(1, 1, 'good post', '2015-08-07 00:00:00', 1),
(2, 1, 'This will solve your problem', '2015-08-11 00:00:00', 1),
(3, 1, 'asdf', '2015-08-11 11:02:41', 1),
(4, 1, 'chau', '2015-08-11 11:02:45', 1),
(5, 1, 'kahsdfkljasdfkj;lasjdfkl f;ldjas;`', '2015-08-11 11:02:52', 1),
(6, 1, 'goo d', '2015-08-11 11:05:13', 11),
(7, 1, 'Hello', '2015-08-11 11:06:50', 2),
(8, 1, 'afsd', '2015-08-11 11:08:01', 1),
(9, 1, 'post good for you', '2015-08-11 16:00:36', 1),
(10, 1, 'hizz', '2015-08-11 17:11:30', 1),
(11, 1, 'dgdsgdf', '2015-08-11 17:27:06', 1),
(12, 1, 'à', '2015-08-12 11:07:22', 37),
(13, 1, 'asdf', '2015-08-12 15:27:56', 22),
(14, 1, 'na', '2015-08-12 15:30:08', 37),
(15, 1, 'asfasdf', '2015-08-13 08:10:56', 36),
(16, 1, 'asdf', '2015-08-13 08:10:57', 36),
(17, 1, 'asdf', '2015-08-13 08:10:59', 36),
(18, 1, 'test comment', '2015-08-13 13:07:30', 44),
(19, 1, 'adsfadsf', '2015-08-13 13:07:33', 44),
(20, 1, 'here', '2015-08-14 08:27:25', 56),
(21, 2, 'asdf', '2015-08-14 08:29:00', 56),
(22, 2, 'na', '2015-08-14 08:29:04', 56),
(23, 2, 'really', '2015-08-14 08:29:09', 56),
(24, 1, 'admin', '2015-08-14 08:29:59', 56),
(25, 2, 'adsf', '2015-08-18 09:42:49', 48),
(26, 2, 'asdf', '2015-08-18 09:42:54', 48),
(27, 29, 'ádkldj\r\n\r\n\r\nádkljasdkjsad\r\n\r\n\r\n\r\n\r\n\r\nsdkjsd', '2015-08-20 13:48:22', 62),
(28, 29, '<b>Bình là tên tôi</b>', '2015-08-20 13:49:02', 62),
(29, 29, '<h1 style="font-size: 80px;">BÌNH</h1>', '2015-08-20 13:49:28', 62),
(30, 29, '<script>alert(''helloworld'');</script>', '2015-08-20 13:50:22', 62),
(31, 29, '<script>alert(''helloworld'');</script>', '2015-08-20 13:50:26', 62),
(32, 29, '<script>alert(''helloworld'');</script>', '2015-08-20 13:50:30', 62),
(33, 29, '<script>$( document ).ready(function() {\r\nalert(''Hello world'');\r\n});\r\n</script>', '2015-08-20 13:52:15', 62),
(34, 29, '<script>$( document ).ready(function() {\r\nalert(''Hello world'');\r\n});\r\n</script>', '2015-08-20 13:52:33', 62),
(35, 29, '<!--', '2015-08-20 13:52:43', 62),
(36, 29, 'hbasdjf\r\nasdkjfhkjasdf\r\nkjasdf', '2015-08-20 14:02:16', 75),
(37, 29, 'hbasdjf\r\nasdkjfhkjasdf\r\nkjasdf', '2015-08-20 14:04:49', 75),
(38, 29, 'hladkjsfh c\nasdfljlasd\nfkjadsf\nkljasdf\nkljasdfasf', '2015-08-20 14:04:57', 75),
(39, 29, 'hladkjsfh c\r\nasdfljlasd\r\nfkjadsf\r\nkljasdf\r\nkljasdfasf', '2015-08-20 14:06:45', 75),
(40, 29, 'hladkjsfh c\r\nasdfljlasd\r\nfkjadsf\r\nkljasdf\r\nkljasdfasf', '2015-08-20 14:07:07', 75),
(41, 29, '<img src="https://www.google.com/images/nav_logo225.png">', '2015-08-20 14:08:14', 62),
(42, 29, 'hkadsf\r\nkljasdf\r\nkljasdf\r\nkljasdf\r\ndong\r\n1\r\n2\r\n3\r\n4', '2015-08-20 14:13:48', 77),
(43, 28, 'hi ze', '2015-08-20 15:02:45', 77),
(44, 30, 'zxcvzxcv', '2015-08-20 17:32:31', 81),
(45, 29, 'afasdf', '2015-08-20 17:32:36', 81),
(46, 29, 'asdfasdf', '2015-08-20 17:32:38', 81),
(47, 30, 'asfdasf', '2015-08-20 17:32:41', 81),
(48, 29, 'chau de\r\ntest', '2015-08-20 17:33:58', 81),
(49, 30, 'asfdasf', '2015-08-20 17:34:01', 81),
(50, 30, 'asfdasf', '2015-08-20 17:34:08', 81),
(51, 30, 'asfdasf', '2015-08-20 17:34:18', 81),
(52, 30, 'asfdasf', '2015-08-20 17:35:25', 81),
(53, 30, 'asfdasf', '2015-08-20 17:35:27', 81),
(54, 30, 'asfdasf', '2015-08-20 17:35:28', 81),
(55, 30, 'asfdasf', '2015-08-20 17:35:30', 81),
(56, 30, 'asfdasf', '2015-08-20 17:35:32', 81),
(57, 30, 'asfdasf', '2015-08-20 17:35:34', 81),
(58, 30, 'asfdasf', '2015-08-20 17:35:36', 81),
(59, 30, 'asfdasf', '2015-08-20 17:36:03', 81),
(60, 30, 'asfdasf', '2015-08-20 17:36:05', 81),
(61, 30, 'asdf', '2015-08-20 17:37:49', 82),
(62, 30, 'asdf', '2015-08-20 17:37:57', 82),
(63, 30, 'asdfasd\r\nadsfadsf', '2015-08-20 17:38:02', 82),
(64, 29, 'hi ze', '2015-08-21 08:44:15', 87);

-- --------------------------------------------------------

--
-- Table structure for table `post`
--

CREATE TABLE IF NOT EXISTS `post` (
  `id` int(11) NOT NULL,
  `alias` varchar(200) NOT NULL,
  `title` varchar(200) CHARACTER SET utf8 NOT NULL,
  `content` text CHARACTER SET utf8 NOT NULL,
  `category_id` int(11) NOT NULL,
  `create_time` datetime NOT NULL,
  `modify_time` datetime NOT NULL,
  `account_id` int(11) NOT NULL,
  `mieu_ta` text CHARACTER SET utf8 NOT NULL,
  `hinh_anh` varchar(200) CHARACTER SET utf8mb4 DEFAULT NULL
) ENGINE=InnoDB AUTO_INCREMENT=88 DEFAULT CHARSET=latin1;

--
-- Dumping data for table `post`
--

INSERT INTO `post` (`id`, `alias`, `title`, `content`, `category_id`, `create_time`, `modify_time`, `account_id`, `mieu_ta`, `hinh_anh`) VALUES
(1, 'bai-1', 'PHP - Environment Setup', '<p>Designed for everyone, everywhere.\r\nBootstrap makes front-end web development faster and easier. It''s made for folks of all skill levels, devices of all shapes, and projects of all sizes.</p><p><span style="font-family: ''Open Sans'', Arial, sans-serif; line-height: 24px; text-align: justify; background-color: rgb(249, 249, 249);">We have set up the PHP Programming environment online, so that you can compile and execute all the available examples online. It gives you confidence in what you are reading and enables you to verify the programs with different options. Feel free to modify any example and execute it online</span><br></p>', 1, '2015-08-07 00:00:00', '2015-08-19 14:43:52', 1, 'Bootstrap is downloadable in two forms, within which you''ll find the following directories and files, logically grouping common resources and providing both compiled and minified variations', ''),
(2, 'Syntax', 'PHP - Syntax Overview', '<p><span style="color: rgb(37, 37, 37); font-family: sans-serif; line-height: 22.3999996185303px;">Until 2009 blogs were usually the work of a single individual</span><sup class="noprint Inline-Template Template-Fact" style="line-height: 1; font-size: 11.1999998092651px; color: rgb(37, 37, 37); font-family: sans-serif; white-space: nowrap;">[<i><a href="https://en.wikipedia.org/wiki/Wikipedia:Citation_needed" title="Wikipedia:Citation needed" style="color: rgb(11, 0, 128); background-image: none; background-attachment: initial; background-size: initial; background-origin: initial; background-clip: initial; background-position: initial; background-repeat: initial;"><span title="This claim needs references to reliable sources. (May 2014)">citation needed</span></a></i>]</sup><span style="color: rgb(37, 37, 37); font-family: sans-serif; line-height: 22.3999996185303px;">, occasionally of a small group, and often covered a single subject. More recently "multi-author blogs" (MABs) have developed, with posts written by large numbers of authors and professionally edited. MABs from&nbsp;</span><a href="https://en.wikipedia.org/wiki/Newspaper" title="Newspaper" style="color: rgb(11, 0, 128); font-family: sans-serif; line-height: 22.3999996185303px; background: none rgb(255, 255, 255);">newspapers</a><span style="color: rgb(37, 37, 37); font-family: sans-serif; line-height: 22.3999996185303px;">, other media outlets,&nbsp;</span><a href="https://en.wikipedia.org/wiki/University" title="University" style="color: rgb(11, 0, 128); font-family: sans-serif; line-height: 22.3999996185303px; background: none rgb(255, 255, 255);">universities</a><span style="color: rgb(37, 37, 37); font-family: sans-serif; line-height: 22.3999996185303px;">,&nbsp;</span><a href="https://en.wikipedia.org/wiki/Think_tanks" title="Think tanks" class="mw-redirect" style="color: rgb(11, 0, 128); font-family: sans-serif; line-height: 22.3999996185303px; background: none rgb(255, 255, 255);">think tanks</a><span style="color: rgb(37, 37, 37); font-family: sans-serif; line-height: 22.3999996185303px;">,&nbsp;</span><a href="https://en.wikipedia.org/wiki/Advocacy_group" title="Advocacy group" style="color: rgb(11, 0, 128); font-family: sans-serif; line-height: 22.3999996185303px; background: none rgb(255, 255, 255);">advocacy groups</a><span style="color: rgb(37, 37, 37); font-family: sans-serif; line-height: 22.3999996185303px;">&nbsp;and similar institutions account for an increasing quantity of blog traffic. The rise of&nbsp;</span><a href="https://en.wikipedia.org/wiki/Twitter" title="Twitter" style="color: rgb(11, 0, 128); font-family: sans-serif; line-height: 22.3999996185303px; background: none rgb(255, 255, 255);">Twitter</a><span style="color: rgb(37, 37, 37); font-family: sans-serif; line-height: 22.3999996185303px;">&nbsp;and other "</span><a href="https://en.wikipedia.org/wiki/Microblogging" title="Microblogging" style="color: rgb(11, 0, 128); font-family: sans-serif; line-height: 22.3999996185303px; background: none rgb(255, 255, 255);">microblogging</a><span style="color: rgb(37, 37, 37); font-family: sans-serif; line-height: 22.3999996185303px;">" systems helps integrate MABs and single-author blogs into societal newstreams.&nbsp;</span><i style="color: rgb(37, 37, 37); font-family: sans-serif; line-height: 22.3999996185303px;">Blog</i><span style="color: rgb(37, 37, 37); font-family: sans-serif; line-height: 22.3999996185303px;">&nbsp;can also be used as a verb, meaning&nbsp;</span><i style="color: rgb(37, 37, 37); font-family: sans-serif; line-height: 22.3999996185303px;">to maintain or add content to a blog</i><span style="color: rgb(37, 37, 37); font-family: sans-serif; line-height: 22.3999996185303px;">.</span><br></p>', 1, '0000-00-00 00:00:00', '2015-08-19 14:46:21', 1, 'This chapter will give you an idea of very basic syntax of PHP and very important to make your PHP foundation strong.\r\n', ''),
(5, 'variable', 'PHP - Variable Types', '<p style="line-height: 24px; margin: 0em 0.2em 1em; word-wrap: break-word; padding: 0px; text-align: justify; font-family: ''Open Sans'', Arial, sans-serif;">The main way to store information in the middle of a PHP program is by using a variable.</p><p style="line-height: 24px; margin: 0em 0.2em 1em; word-wrap: break-word; padding: 0px; text-align: justify; font-family: ''Open Sans'', Arial, sans-serif;">Here are the most important things to know about variables in PHP.</p><ul class="list" style="color: rgb(49, 49, 49); font-family: ''Open Sans'', Arial, sans-serif; line-height: 22px;"><li style="line-height: 24px; margin-bottom: 5px; padding: 0px 0px 0px 19px; list-style: none; color: rgb(0, 0, 0); background: url(http://www.tutorialspoint.com/images/icon-bullet.png) 0px 4px no-repeat;"><p style="margin: 0em 0.2em 1em; word-wrap: break-word; padding: 0px; text-align: justify;">All variables in PHP are denoted with a leading dollar sign ($).</p></li><li style="line-height: 24px; margin-bottom: 5px; padding: 0px 0px 0px 19px; list-style: none; color: rgb(0, 0, 0); background: url(http://www.tutorialspoint.com/images/icon-bullet.png) 0px 4px no-repeat;"><p style="margin: 0em 0.2em 1em; word-wrap: break-word; padding: 0px; text-align: justify;">The value of a variable is the value of its most recent assignment.</p></li><li style="line-height: 24px; margin-bottom: 5px; padding: 0px 0px 0px 19px; list-style: none; color: rgb(0, 0, 0); background: url(http://www.tutorialspoint.com/images/icon-bullet.png) 0px 4px no-repeat;"><p style="margin: 0em 0.2em 1em; word-wrap: break-word; padding: 0px; text-align: justify;">Variables are assigned with the = operator, with the variable on the left-hand side and the expression to be evaluated on the right.</p></li><li style="line-height: 24px; margin-bottom: 5px; padding: 0px 0px 0px 19px; list-style: none; color: rgb(0, 0, 0); background: url(http://www.tutorialspoint.com/images/icon-bullet.png) 0px 4px no-repeat;"><p style="margin: 0em 0.2em 1em; word-wrap: break-word; padding: 0px; text-align: justify;">Variables can, but do not need, to be declared before assignment.</p></li><li style="line-height: 24px; margin-bottom: 5px; padding: 0px 0px 0px 19px; list-style: none; color: rgb(0, 0, 0); background: url(http://www.tutorialspoint.com/images/icon-bullet.png) 0px 4px no-repeat;"><p style="margin: 0em 0.2em 1em; word-wrap: break-word; padding: 0px; text-align: justify;">Variables in PHP do not have intrinsic types - a variable does not know in advance whether it will be used to store a number or a string of characters.</p></li><li style="line-height: 24px; margin-bottom: 5px; padding: 0px 0px 0px 19px; list-style: none; color: rgb(0, 0, 0); background: url(http://www.tutorialspoint.com/images/icon-bullet.png) 0px 4px no-repeat;"><p style="margin: 0em 0.2em 1em; word-wrap: break-word; padding: 0px; text-align: justify;">Variables used before they are assigned have default values.</p></li><li style="line-height: 24px; margin-bottom: 5px; padding: 0px 0px 0px 19px; list-style: none; color: rgb(0, 0, 0); background: url(http://www.tutorialspoint.com/images/icon-bullet.png) 0px 4px no-repeat;"><p style="margin: 0em 0.2em 1em; word-wrap: break-word; padding: 0px; text-align: justify;">PHP does a good job of automatically converting types from one to another when necessary.</p></li><li style="line-height: 24px; margin-bottom: 5px; padding: 0px 0px 0px 19px; list-style: none; color: rgb(0, 0, 0); background: url(http://www.tutorialspoint.com/images/icon-bullet.png) 0px 4px no-repeat;"><p style="margin: 0em 0.2em 1em; word-wrap: break-word; padding: 0px; text-align: justify;">PHP variables are Perl-like.</p></li></ul>', 1, '2015-08-10 00:00:00', '2015-08-21 08:43:11', 29, 'The main way to store information in the middle of a PHP program is by using a variable.', '0efbd3e959a3c0fe9f3e20d3647dee9c.png'),
(7, 'mainstream-popularity', 'Mainstream popularity', '<p><span style="color: rgb(37, 37, 37); font-family: sans-serif; line-height: 22.3999996185303px;">&nbsp;Blogging was established by politicians and political candidates to express opinions on war and other issues and cemented blogs'' role as a news source. (See&nbsp;</span><a href="https://en.wikipedia.org/wiki/Howard_Dean" title="Howard Dean" style="color: rgb(11, 0, 128); font-family: sans-serif; line-height: 22.3999996185303px; background: none rgb(255, 255, 255);">Howard Dean</a><span style="color: rgb(37, 37, 37); font-family: sans-serif; line-height: 22.3999996185303px;">&nbsp;and&nbsp;</span><a href="https://en.wikipedia.org/wiki/Wesley_Clark" title="Wesley Clark" style="color: rgb(11, 0, 128); font-family: sans-serif; line-height: 22.3999996185303px; background: none rgb(255, 255, 255);">Wesley Clark</a><span style="color: rgb(37, 37, 37); font-family: sans-serif; line-height: 22.3999996185303px;">.) Even politicians not actively campaigning, such as the&nbsp;</span><a href="https://en.wikipedia.org/wiki/Labour_Party_(UK)" title="Labour Party (UK)" style="color: rgb(11, 0, 128); font-family: sans-serif; line-height: 22.3999996185303px; background: none rgb(255, 255, 255);">UK''s Labour Party''s</a><span style="color: rgb(37, 37, 37); font-family: sans-serif; line-height: 22.3999996185303px;">&nbsp;</span><a href="https://en.wikipedia.org/wiki/Member_of_Parliament" title="Member of Parliament" class="mw-redirect" style="color: rgb(11, 0, 128); font-family: sans-serif; line-height: 22.3999996185303px; background: none rgb(255, 255, 255);">MP</a><span style="color: rgb(37, 37, 37); font-family: sans-serif; line-height: 22.3999996185303px;">&nbsp;</span><a href="https://en.wikipedia.org/wiki/Tom_Watson_(politician)" title="Tom Watson (politician)" style="color: rgb(11, 0, 128); font-family: sans-serif; line-height: 22.3999996185303px; background: none rgb(255, 255, 255);">Tom Watson</a><span style="color: rgb(37, 37, 37); font-family: sans-serif; line-height: 22.3999996185303px;">, began to blog to bond with constituents.</span><br></p>', 1, '2015-08-10 00:00:00', '2015-08-19 15:57:59', 1, 'By 2004, the role of blogs became increasingly mainstream, as political consultants, news services, and candidates began using them as tools for outreach and opinion forming', ''),
(9, 'Operator', 'PHP - Operator Types 1', '<ul class="list" style="color: rgb(49, 49, 49); font-family: ''Open Sans'', Arial, sans-serif; line-height: 22px;"><li style="line-height: 24px; margin-bottom: 5px; padding: 0px 0px 0px 19px; list-style: none; color: rgb(0, 0, 0); background: url(http://www.tutorialspoint.com/images/icon-bullet.png) 0px 4px no-repeat;"><p style="margin: 0em 0.2em 1em; word-wrap: break-word; padding: 0px; text-align: justify;">Arithmetic Operators</p></li><li style="line-height: 24px; margin-bottom: 5px; padding: 0px 0px 0px 19px; list-style: none; color: rgb(0, 0, 0); background: url(http://www.tutorialspoint.com/images/icon-bullet.png) 0px 4px no-repeat;"><p style="margin: 0em 0.2em 1em; word-wrap: break-word; padding: 0px; text-align: justify;">Comparision Operators</p></li><li style="line-height: 24px; margin-bottom: 5px; padding: 0px 0px 0px 19px; list-style: none; color: rgb(0, 0, 0); background: url(http://www.tutorialspoint.com/images/icon-bullet.png) 0px 4px no-repeat;"><p style="margin: 0em 0.2em 1em; word-wrap: break-word; padding: 0px; text-align: justify;">Logical (or Relational) Operators</p></li><li style="line-height: 24px; margin-bottom: 5px; padding: 0px 0px 0px 19px; list-style: none; color: rgb(0, 0, 0); background: url(http://www.tutorialspoint.com/images/icon-bullet.png) 0px 4px no-repeat;"><p style="margin: 0em 0.2em 1em; word-wrap: break-word; padding: 0px; text-align: justify;">Assignment Operators</p></li><li style="line-height: 24px; margin-bottom: 5px; padding: 0px 0px 0px 19px; list-style: none; color: rgb(0, 0, 0); background: url(http://www.tutorialspoint.com/images/icon-bullet.png) 0px 4px no-repeat;"><p style="margin: 0em 0.2em 1em; word-wrap: break-word; padding: 0px; text-align: justify;">Conditional (or ternary) Operators</p></li></ul><p style="line-height: 24px; margin: 0em 0.2em 1em; word-wrap: break-word; padding: 0px; text-align: justify; font-family: ''Open Sans'', Arial, sans-serif;">Lets have a look on all operators one by one.</p><h2 style="color: rgb(18, 18, 20); letter-spacing: -1px; margin: 0.2em 0.2em 0.2em 0px; font-size: 1.7em; line-height: 1.5em; padding: 0px; text-shadow: rgb(204, 204, 204) 1px 1px 2px; position: relative; left: 0px; font-family: ''Open Sans'', Arial, sans-serif;">Arithmetic Operators</h2><p style="line-height: 24px; margin: 0em 0.2em 1em; word-wrap: break-word; padding: 0px; text-align: justify; font-family: ''Open Sans'', Arial, sans-serif;">There are following arithmatic operators supported by PHP language:</p><p style="line-height: 24px; margin: 0em 0.2em 1em; word-wrap: break-word; padding: 0px; text-align: justify; font-family: ''Open Sans'', Arial, sans-serif;">Assume variable A holds 10 and variable B holds 20 then:</p>', 1, '2015-08-10 00:00:00', '2015-08-19 16:00:14', 1, 'What is Operator? Simple answer can be given using expression 4 + 5 is equal to 9. Here 4 and 5 are called operands and + is called operator. PHP language supports following type of operators.', 'http://localhost/blog/upload/http://localhost/blog/upload/photo/6.jpg'),
(11, 'xem-ca-the-gioi-chuyen-tu-ie-sang-chrome-trong-vong-7-nam-qua-2015', 'xem-ca-the-gioi-chuyen-tu-ie-sang-chrome-trong-vong-7-nam-qua-2015', '<p><span style="font-family: ''Times New Roman''; font-size: 17px; line-height: 25px;">Đến năm 2015, gần như toàn bộ người dùng internet đã chuyển sang sử dụng trình duyệt Chrome. Để có thể thấy rõ sự thay đổi này, nhà thiết kế Jody Sieradzki đã tạo ra một bức ảnh động vô cùng trực quan dựa trên dữ liệu được cung cấp bởi Stat Counter.</span></p><p><span style="font-family: ''Times New Roman''; font-size: 17px; line-height: 25px;"><br></span></p><p style="margin-bottom: 0px; padding: 8px 0px; font-family: ''Times New Roman''; font-size: 17px; line-height: 25px;">Qua bức ảnh động này, chúng ta không chỉ thấy được sự phát triển và phổ biến của Chrome. Mà trong quãng thời gian này, chúng ta còn thấy được Opera đã từng rất được ưa chuộng tại Nga và trình duyệt FireFox cũng từng có một quãng thời gian làm mưa làm gió tại Châu Á. Năm 2014, người dân thuộc Greenland, vùng lãnh thổ tự trị thuộc Đan Mạch, lại ưu ái Safari của Apple.</p><p style="margin-bottom: 0px; padding: 8px 0px; font-family: ''Times New Roman''; font-size: 17px; line-height: 25px;">Trong tương lai, rất có thể trình duyệt mới Edge trên Windows 10 sẽ giúp Microsoft tìm lại ánh hào quang khi xưa của Internet Explorer.</p><p><br></p>', 1, '2015-08-10 15:09:04', '2015-08-19 15:59:51', 1, 'Cách đây khoảng 7 năm, Internet Explorer vẫn là trình duyệt thống trị trên cả thế giới. Lúc đó, vào khoảng năm 2008, mỗi khi chúng ta muốn duyệt email là lại phải mở trình duyệt IE. Tuy nhiên chỉ vài năm sau, các trình duyệt khác như FireFox, Opera và Chrome bắt đầu phát triển hơn và dần chiếm lấy thị phần này', 'http://localhost/blog/upload/http://genknews.vcmedia.vn/k:2015/1-1376995898733746097-1439198965394/xem-ca-the-gioi-chuyen-tu-ie-sang-chrome-trong-vong-7-nam-qua.gif'),
(13, 'google-tai-cau-truc-day-tao-bao-thanh-lap-cong-ty-me-alphabet', 'Google tái cấu trúc đầy táo bạo, thành lập công ty mẹ Alphabet', '<p><span style="font-family: ''Times New Roman''; font-size: 17px; line-height: 25px;">Ngày hôm qua trên blog của Google, ông&nbsp;</span><a class="link-inline-content" draggable="false" href="http://genk.vn/mobile/tai-sao-google-lai-quyet-dinh-tung-ra-2-smartphone-nexus-trong-nam-nay-20150810164940618.chn" title="Larry Page" target="_blank" style="margin: 0px; padding: 0px; color: blue; font-family: ''Times New Roman''; font-size: 17px; line-height: 25px; background-color: rgb(255, 255, 255);">Larry Page</a><span style="font-family: ''Times New Roman''; font-size: 17px; line-height: 25px;">&nbsp;- đồng sáng lập của&nbsp;</span><a class="link-inline-content" draggable="false" href="http://genk.vn/mobile/tai-sao-google-lai-quyet-dinh-tung-ra-2-smartphone-nexus-trong-nam-nay-20150810164940618.chn" title="Google " target="_blank" style="margin: 0px; padding: 0px; color: blue; font-family: ''Times New Roman''; font-size: 17px; line-height: 25px; background-color: rgb(255, 255, 255);">Google&nbsp;</a><span style="font-family: ''Times New Roman''; font-size: 17px; line-height: 25px;">đã làm giới công nghệ vô cùng bất ngờ khi ra quyết định tái cấu trúc gã khổng lồ tìm kiếm này. Theo đó, Larry Page sẽ nhường lại vị trí CEO Google cho Sundar Pichai - giám đốc mảng Android, Google Chrome và có vai trò chủ chốt trong hầu hết các dịch vụ của Google hiện tại.</span></p><p><span style="font-family: ''Times New Roman''; font-size: 17px; line-height: 25px;"><br></span></p><p style="margin-bottom: 0px; padding: 8px 0px; font-family: ''Times New Roman''; font-size: 17px; line-height: 25px;">Larry Page và nhà đồng sáng lập Sergey Brin sẽ cùng nhau lãnh đạo công ty mới có tên là Alphabet - giờ đây là công ty mẹ sẽ quản lý Google và tất cả công ty con mà gã khổng lồ tìm kiếm đã thành lập trước đây. Trang web của Alphabet là&nbsp;<a class="link-inline-content" draggable="false" href="http://abc.xyz/" title="http://abc.xyz" target="_blank" style="margin: 0px; padding: 0px; color: blue;">http://abc.xyz</a>. Google và Alphabet sẽ hoạt động độc lập với nhau, mỗi công ty sẽ đảm nhiệm những mảng công nghệ riêng:</p><p style="margin-bottom: 0px; padding: 8px 0px; font-family: ''Times New Roman''; font-size: 17px; line-height: 25px;"><strong style="margin: 0px; padding: 0px;">Google:</strong></p><p style="margin-bottom: 0px; padding: 8px 0px; font-family: ''Times New Roman''; font-size: 17px; line-height: 25px;"><em style="margin: 0px; padding: 0px;">+ Google Search</em></p><p style="margin-bottom: 0px; padding: 8px 0px; font-family: ''Times New Roman''; font-size: 17px; line-height: 25px;"><em style="margin: 0px; padding: 0px;">+ Google Ads</em></p><p style="margin-bottom: 0px; padding: 8px 0px; font-family: ''Times New Roman''; font-size: 17px; line-height: 25px;"><em style="margin: 0px; padding: 0px;">+ Google Maps</em></p><p style="margin-bottom: 0px; padding: 8px 0px; font-family: ''Times New Roman''; font-size: 17px; line-height: 25px;"><em style="margin: 0px; padding: 0px;">+ YouTube</em></p><p style="margin-bottom: 0px; padding: 8px 0px; font-family: ''Times New Roman''; font-size: 17px; line-height: 25px;"><em style="margin: 0px; padding: 0px;">+ Hệ điều hành Android (bao gồm Google Play Store)</em></p><p style="margin-bottom: 0px; padding: 8px 0px; font-family: ''Times New Roman''; font-size: 17px; line-height: 25px;"><strong style="margin: 0px; padding: 0px;">Alphabet:</strong></p><p style="margin-bottom: 0px; padding: 8px 0px; font-family: ''Times New Roman''; font-size: 17px; line-height: 25px;"><em style="margin: 0px; padding: 0px;">+ Calico, công ty công nghệ sinh học chống lão hóa, kéo dài tuổi thọ</em></p><p style="margin-bottom: 0px; padding: 8px 0px; font-family: ''Times New Roman''; font-size: 17px; line-height: 25px;"><em style="margin: 0px; padding: 0px;">+ Life Sciences, công ty chuyên về sức khỏe</em></p><p style="margin-bottom: 0px; padding: 8px 0px; font-family: ''Times New Roman''; font-size: 17px; line-height: 25px;"><em style="margin: 0px; padding: 0px;">+ Nest, công ty thiết bị nối mạng cho gia đình</em></p><p style="margin-bottom: 0px; padding: 8px 0px; font-family: ''Times New Roman''; font-size: 17px; line-height: 25px;"><em style="margin: 0px; padding: 0px;">+ Fiber, dịch vụ internet tốc độ cao cho các thành phố lớn ở Mỹ</em></p><p style="margin-bottom: 0px; padding: 8px 0px; font-family: ''Times New Roman''; font-size: 17px; line-height: 25px;"><em style="margin: 0px; padding: 0px;">+ Các công ty đầu tư Google Ventures và Google Capital</em></p><p style="margin-bottom: 0px; padding: 8px 0px; font-family: ''Times New Roman''; font-size: 17px; line-height: 25px;"><em style="margin: 0px; padding: 0px;">+ Google X, vườn ươm cho các dự án như xe hơi tự lái</em></p><p style="margin-bottom: 0px; padding: 8px 0px; font-family: ''Times New Roman''; font-size: 17px; line-height: 25px;"><em style="margin: 0px; padding: 0px;">+ Wing, công ty giao hàng bằng drone</em></p><p style="margin-bottom: 0px; padding: 8px 0px; font-family: ''Times New Roman''; font-size: 17px; line-height: 25px;"><em style="margin: 0px; padding: 0px;">“Đây là một chương mới vô cùng phấn khích trong lịch sử của Google – sự ra đời của Alphabet. Chúng tôi thích cái tên Alphabet, nghĩa là bảng chữ cái - một trong những phát minh vĩ đại nhất của nhân loại và cũng là cốt lõi để chúng tôi tạo nên công cụ tìm kiếm Google Search”</em>, Larry Page chia sẻ trên blog của Google.</p><p style="margin-bottom: 0px; padding: 8px 0px; font-family: ''Times New Roman''; font-size: 17px; line-height: 25px;">Theo giới công nghệ, đây là một quyết định kinh doanh táo bạo, liều lĩnh nhưng rất cần thiết của gã khổng lồ tìm kiếm này. Trong những năm qua, giới đầu tư đang tỏ ra lo ngại khi Google có vẻ lơ là mảng kinh doanh chính của mình là dịch vụ tìm kiếm mà bị phân tán vào những công nghệ mang tính "viễn tưởng" cho tương lai như xe hơi tự lái, thuốc chống ung thư, kéo dài tuổi thọ,...<br></p><p style="margin-bottom: 0px; padding: 8px 0px; font-family: ''Times New Roman''; font-size: 17px; line-height: 25px;"><br></p><p><br></p>', 3, '2015-08-10 15:12:18', '2015-08-11 11:27:33', 1, 'Việc tái cấu trúc sẽ giúp Larry Page và Sergey Brin rảnh tay hơn để phát triển đa dạng ngành nghề công nghệ, còn Google hứa hẹn sẽ hoạt động tốt và dễ quản lý hơn dưới bàn tay của Sundar Pichai.', 'http://genknews.vcmedia.vn/k:thumb_w/640/2015/capture-1439258918562/google-tai-cau-truc-day-tao-bao-thanh-lap-cong-ty-me-alphabet-.PNG'),
(14, 'Attribute', 'HTML <img> width Attribute', '<p style="color: rgb(51, 51, 51); font-family: Verdana, Geneva, Tahoma, Arial, Helvetica, sans-serif; font-size: 15px; line-height: 21.4285717010498px;">The width attribute specifies the width of an image, in pixels.</p><p style="color: rgb(51, 51, 51); font-family: Verdana, Geneva, Tahoma, Arial, Helvetica, sans-serif; font-size: 15px; line-height: 21.4285717010498px;"><span style="font-weight: 700;">Tip:</span>&nbsp;Always specify both the&nbsp;<a href="http://www.w3schools.com/tags/att_img_height.asp" style="color: rgb(51, 51, 51); text-decoration: underline;">height</a>&nbsp;and width attributes for images. If height and width are set, the space required for the image is reserved when the page is loaded. However, without these attributes, the browser does not know the size of the image, and cannot reserve the appropriate space to it. The effect will be that the page layout will change during loading (while the images load).</p><p style="color: rgb(51, 51, 51); font-family: Verdana, Geneva, Tahoma, Arial, Helvetica, sans-serif; font-size: 15px; line-height: 21.4285717010498px;"><span style="font-weight: 700;">Tip:</span>&nbsp;Downsizing a large image with the height and width attributes forces a user to download the large image (even if it looks small on the page). To avoid this, rescale the image with a program before using it on a page.</p><p style="color: rgb(51, 51, 51); font-family: Verdana, Geneva, Tahoma, Arial, Helvetica, sans-serif; font-size: 15px; line-height: 21.4285717010498px;"><br></p><h2 style="font-family: Arial, Helvetica, sans-serif; color: rgb(51, 51, 51);">Definition and Usage</h2><p style="color: rgb(51, 51, 51); font-family: Verdana, Geneva, Tahoma, Arial, Helvetica, sans-serif; font-size: 15px; line-height: 21.4285717010498px;">The &lt;img&gt; tag defines an image in an HTML page.</p><p style="color: rgb(51, 51, 51); font-family: Verdana, Geneva, Tahoma, Arial, Helvetica, sans-serif; font-size: 15px; line-height: 21.4285717010498px;">The &lt;img&gt; tag has two required attributes: src and alt.</p><p style="color: rgb(51, 51, 51); font-family: Verdana, Geneva, Tahoma, Arial, Helvetica, sans-serif; font-size: 15px; line-height: 21.4285717010498px;"><span style="font-weight: 700;">Note:</span>&nbsp;Images are not technically inserted into an HTML page, images are linked to HTML pages. The &lt;img&gt; tag creates a holding space for the referenced image.</p><p style="color: rgb(51, 51, 51); font-family: Verdana, Geneva, Tahoma, Arial, Helvetica, sans-serif; font-size: 15px; line-height: 21.4285717010498px;"><span style="font-weight: 700;">Tip:</span>&nbsp;To link an image to another document, simply nest the &lt;img&gt; tag inside &lt;a&gt; tags.</p><p style="color: rgb(51, 51, 51); font-family: Verdana, Geneva, Tahoma, Arial, Helvetica, sans-serif; font-size: 15px; line-height: 21.4285717010498px;"><br></p><p style="margin-right: auto; margin-bottom: 2em; margin-left: auto; padding: 0px; line-height: 2em; font-size: 1.1em; font-family: Ubuntu, sans-serif; background-color: rgb(248, 248, 248);">A cool effect I''ve been seeing on sites lately involves the use of percentage based heights &amp; absolute positioning. Puzzled by how it worked, I set out to break the code down and do it myself.</p><p style="margin-right: auto; margin-bottom: 2em; margin-left: auto; padding: 0px; line-height: 2em; font-size: 1.1em; font-family: Ubuntu, sans-serif; background-color: rgb(248, 248, 248);">Some great examples are the Dropbox (<a href="http://www.dropbox.com/" style="color: rgb(69, 85, 108);">http://www.dropbox.com</a>) and Spotify (<a href="http://www.spotify.com/us/" style="color: rgb(69, 85, 108);">http://www.spotify.com/us/</a>) home pages. Using this effect, the top section of the page adapts to your entire screen resolution (100% height). It also includes some content that always sits at the very bottom of the initial viewport. Now, when you begin to scroll, the rest of the page content appears *just* after the bottom of the page viewport. Sounds really complicated, right? Actually, the opposite. Let''s write some code.</p><div class="highlight" style="margin: 0px; padding: 0px; color: rgb(240, 235, 213); border-radius: 0.25em; position: relative; font-family: Ubuntu, sans-serif; font-size: 16px; line-height: normal; background: rgb(24, 24, 24);"><pre style="margin-bottom: 30px; padding: 20px; font-family: Consolas, Monaco, ''Lucida Console''; counter-reset: line-numbering 0; font-size: 14px; line-height: 18px; word-break: inherit; word-wrap: inherit; text-shadow: none; border-radius: 5px; background: rgb(34, 34, 34);"><code class="language-html" data-lang="html" style="margin: 0px; font-family: Consolas, Monaco, ''Lucida Console'';">&lt;div class="top-section"&gt;\r\n  &lt;p&gt;This content takes up 100% of the viewport at the top&lt;/p&gt;\r\n  &lt;a href="#" class="more"&gt;Learn More&lt;/a&gt;\r\n&lt;/div&gt;\r\n&lt;div class="bottom-section"&gt;\r\n  &lt;p&gt;This is the body content, and should appear just after the top section &lt;strong&gt;only when you scroll down&lt;/strong&gt;.&lt;/p&gt;\r\n&lt;/div&gt;\r\n</code></pre></div><p style="margin-right: auto; margin-bottom: 2em; margin-left: auto; padding: 0px; line-height: 2em; font-size: 1.1em; font-family: Ubuntu, sans-serif; background-color: rgb(248, 248, 248);">Your first instincts are to make a div, and throw 100% height on it. Lets try that.</p><div class="highlight" style="margin: 0px; padding: 0px; color: rgb(240, 235, 213); border-radius: 0.25em; position: relative; font-family: Ubuntu, sans-serif; font-size: 16px; line-height: normal; background: rgb(24, 24, 24);"><pre style="margin-bottom: 30px; padding: 20px; font-family: Consolas, Monaco, ''Lucida Console''; counter-reset: line-numbering 0; font-size: 14px; line-height: 18px; word-break: inherit; word-wrap: inherit; text-shadow: none; border-radius: 5px; background: rgb(34, 34, 34);"><code class="language-scss" data-lang="scss" style="margin: 0px; font-family: Consolas, Monaco, ''Lucida Console'';">p{\r\n  text-align:center;\r\n}\r\n.top-section{\r\n  height:100%;\r\n}\r\n.more{\r\n  display:block;\r\n  position:absolute;\r\n  bottom:20px;\r\n  text-align:center;\r\n}</code></pre></div>', 1, '2015-08-11 09:20:40', '2015-08-11 09:20:40', 1, 'The width attribute specifies the width of an image, in pixels', 'http://www.w3schools.com/images/w3schools.png'),
(15, 'file-upload-class', 'File Uploading Class', '<h2 style="border-bottom-width: 1px; border-bottom-style: solid; border-bottom-color: rgb(153, 153, 153); color: rgb(0, 0, 0); font-size: 18px; font-weight: bold; margin: 28px 0px 16px; padding: 5px 0px 6px; font-family: ''Lucida Grande'', Verdana, Geneva, sans-serif; line-height: normal;">The Process</h2><p style="margin-top: 12px; margin-right: 20px; margin-bottom: 12px; color: rgb(51, 51, 51); font-family: ''Lucida Grande'', Verdana, Geneva, sans-serif; line-height: normal;">Uploading a file involves the following general process:</p><ul style="list-style-image: url(https://ellislab.com/_user_guide_src_ci/images/arrow.gif); margin: 10px 0px 12px; color: rgb(51, 51, 51); font-family: ''Lucida Grande'', Verdana, Geneva, sans-serif; line-height: normal;"><li style="margin-bottom: 9px;">An upload form is displayed, allowing a user to select a file and upload it.</li><li style="margin-bottom: 9px;">When the form is submitted, the file is uploaded to the destination you specify.</li><li style="margin-bottom: 9px;">Along the way, the file is validated to make sure it is allowed to be uploaded based on the preferences you set.</li><li style="margin-bottom: 9px;">Once uploaded, the user will be shown a success message.</li></ul><p style="margin-top: 12px; margin-right: 20px; margin-bottom: 12px; color: rgb(51, 51, 51); font-family: ''Lucida Grande'', Verdana, Geneva, sans-serif; line-height: normal;">To demonstrate this process here is brief tutorial. Afterward you''ll find reference information.</p>', 1, '2015-08-12 08:50:52', '2015-08-12 08:53:25', 1, 'CodeIgniter''s File Uploading Class permits files to be uploaded. You can set various preferences, restricting the type and size of the files.', '900-300.png'),
(17, 'CodeIgniter-upload', 'CodeIgniter Image and File Upload', '<p style="outline: 0px; margin-top: 1em; margin-bottom: 1em; color: rgb(77, 77, 77); font-size: 18px; line-height: 30.6000003814697px; font-family: proxima_nova_rgregular, Helvetica, Arial, sans-serif;">This Post is &nbsp;about CodeIgniter(C.I.) file upload. By the use of file uploading class you will learn how a file or an image gets uploaded. One can easily restrict file type, its size and can even provide various preferences.</p><p style="outline: 0px; margin-top: 1em; margin-bottom: 1em; color: rgb(77, 77, 77); font-size: 18px; line-height: 30.6000003814697px; font-family: proxima_nova_rgregular, Helvetica, Arial, sans-serif;">Using CodeIgniter Image Upload example we will teach you how an image or a file gets uploaded to an upload folder or a targeted location.</p><p style="outline: 0px; margin-top: 1em; margin-bottom: 1em; color: rgb(77, 77, 77); font-size: 18px; line-height: 30.6000003814697px; font-family: proxima_nova_rgregular, Helvetica, Arial, sans-serif;">Below is our complete code with live demo and download code option.</p>', 1, '2015-08-12 08:55:49', '2015-08-19 14:54:07', 1, 'This Post is  about CodeIgniter(C.I.) file upload. By the use of file uploading class you will learn how a file or an image gets uploaded. One can easily restrict file type, its size and can even provide various preferences.', 'http://www.computertutorinc.net/wp-content/uploads/2013/04/computer_maintenance.png'),
(19, 'asdf', 'aafsdf', '<p>aasdfasdf</p>', 1, '2015-08-12 09:03:34', '2015-08-12 09:03:34', 0, 'asdf', '9IW5z.png'),
(20, 'alias', 'title', '<p>Textarea</p>', 1, '2015-08-12 09:09:45', '2015-08-12 09:09:45', 0, 'description', NULL),
(21, 'alias', 'title', '<p>Textarea</p>', 1, '2015-08-12 09:10:12', '2015-08-12 09:10:12', 0, 'description', NULL),
(22, 'asdf', 'asdf 3', '<p>asdf</p>', 1, '2015-08-12 09:11:26', '2015-08-12 09:11:26', 1, 'asdf', NULL),
(23, 'rqwe', 'qwq', '<p>qwer</p>', 1, '2015-08-12 09:15:39', '2015-08-12 09:15:39', 1, 'qer', NULL),
(24, 'qewrqwer', 'rqwer', '<p>qwerqwer</p>', 1, '2015-08-12 09:16:12', '2015-08-12 09:16:12', 1, 'qwer', NULL),
(25, 'qewrqwer', 'rqwer', '<p>qwerqwer</p>', 1, '2015-08-12 09:19:27', '2015-08-12 09:19:27', 1, 'qwer', NULL),
(26, 'asdf', 'asdf 3adfasdf', '<p>asdfasdf</p>', 1, '2015-08-12 09:34:10', '2015-08-12 09:34:10', 1, 'asdfasdf', NULL),
(27, 'asdfasdf', 'asdfasdf', '<p>asdfasdf</p>', 1, '2015-08-12 09:41:05', '2015-08-12 09:41:05', 1, 'asdfasdf', NULL),
(28, 'asdfasdf', 'asdf 3asf', '<p>fadsfasdf</p>', 1, '2015-08-12 09:42:27', '2015-08-12 09:42:27', 1, 'asdfads', NULL),
(29, 'asdfasdf', 'asdf 3asdf', '<p>asdf</p>', 1, '2015-08-12 09:44:33', '2015-08-12 09:44:33', 1, 'asdfasdf', 'http://localhost/blog/./upload'),
(31, 'asdfasdf', 'asdf 3asdfasdf', '<p>sdfasdf</p>', 1, '2015-08-12 09:46:04', '2015-08-19 15:57:34', 1, 'asdfa', ''),
(32, 'dsfasdf', 'asdfasdfasdf', '<p>asdfasd</p>', 1, '2015-08-12 09:46:56', '2015-08-12 09:46:56', 1, 'asdfasdf', 'http://localhost/blog/upload/900-3006.png'),
(33, 'rwqrwqerqw', 'erqwerqewr', '<p>qwerqwe</p>', 1, '2015-08-12 09:49:04', '2015-08-12 09:49:04', 1, 'rqwerqwer', 'http://localhost/blog/upload'),
(38, 'extending-the-controller-class-in-codeigniter', 'Extending The Controller Class in CodeIgniter', '<p>asdf</p>', 1, '2015-08-13 09:32:01', '2015-08-13 09:32:01', 1, 'asdf', ''),
(39, 'asdfasdf', 'asdfasf', '<p>asdfasdf</p>', 1, '2015-08-13 09:33:27', '2015-08-13 09:33:27', 1, 'asdfasdf', 'http://localhost/blog/upload/d41a1a5b64399831b875b982d30088bb.png'),
(40, 'new_year', 'new year', '<p>asdf</p>', 1, '2015-08-13 09:35:24', '2015-08-13 09:35:24', 1, 'asdf', 'http://localhost/blog/upload/3e1dcdb4cd75bd8fa7db38d2d8072976.jpg'),
(42, 'Syntax', 'adsf', '<p>Syntax<br></p>', 1, '2015-08-13 10:04:43', '2015-08-13 10:04:43', 1, 'Syntax', ''),
(43, 'tfytfy', 'gftfty', '<p>tyutfutfu</p>', 1, '2015-08-13 11:18:44', '2015-08-13 11:18:44', 1, 'hgfhug', ''),
(44, 'ewqrqwerq', 'qwr', '<p>erqwerqwer</p>', 1, '2015-08-13 11:19:58', '2015-08-19 14:53:13', 1, 'wrqwqwerqwer', ''),
(46, 'dont-count-on-ads', 'Don’t Count on Ads', '<p><span style="color: rgb(51, 51, 51); font-family: Georgia, Verdana, Geneva, Arial, sans-serif; font-size: 16px; line-height: 24px;">Dr. Dobbs is an iconic publication for programmers. Yesterday they announced that they’d be shutting down after 38 years of operation. Despite its growing audience, the site has failed to monetize those eyeballs to a degree that satisfies their parent company. Sadness aside, what’s remarkable here is that their number of page views grew while&nbsp;</span><br></p>', 1, '2015-08-13 14:14:42', '2015-08-13 14:14:42', 1, 'Dr. Dobbs is an iconic publication for programmers. Yesterday they announced that they’d be shutting down after 38 years of operation. Despite its growing audience, the site has failed to monetize those eyeballs to a degree that satisfies their parent company. Sadness aside, what’s remarkable here is that their number of page views grew while', ''),
(47, 'in-which-i-share-statistics-from-my-blogs', 'In Which I Share Statistics from My Blogs', '<p><span style="color: rgb(51, 51, 51); font-family: Georgia, Verdana, Geneva, Arial, sans-serif; font-size: 16px; line-height: 24px;">One of the most enjoyable aspects of running a blog is, let’s admit it, checking out its statistics.&nbsp;[1] You can gain insight about your readers and figure out where your traffic is coming from. Above all, you can determine what’s working and what’s not in terms of content and marketing strategies. Just for fun, today</span><br></p>', 2, '2015-08-13 14:14:58', '2015-08-13 14:14:58', 1, 'One of the most enjoyable aspects of running a blog is, let’s admit it, checking out its statistics. [1] You can gain insight about your readers and figure out where your traffic is coming from. Above all, you can determine what’s working and what’s not in terms of content and marketing strategies. Just for fun, today', ''),
(48, 'how-often-should-you-blog', 'How Often Should You Blog?', '<p><span style="color: rgb(51, 51, 51); font-family: Georgia, Verdana, Geneva, Arial, sans-serif; font-size: 16px; line-height: 24px;">People who are new to blogging often wonder what the best posting pace to maximize the growth of their blog is. The ideal blog posting frequency will depend on several factors, including the type of audience and the subject at hand. Let’s narrow things down however to an acceptable range. I wouldn’t consider a blog</span><br></p>', 1, '2015-08-13 14:15:16', '2015-08-13 14:15:16', 1, 'People who are new to blogging often wonder what the best posting pace to maximize the growth of their blog is. The ideal blog posting frequency will depend on several factors, including the type of audience and the subject at hand. Let’s narrow things down however to an acceptable range. I wouldn’t consider a blog', ''),
(49, 'is-youtube-worth-your-time-as-a-marketing-tool', 'Is YouTube Worth Your Time as a Marketing Tool?', '<p><span style="color: rgb(51, 51, 51); font-family: Georgia, Verdana, Geneva, Arial, sans-serif; font-size: 16px; line-height: 24px;">A reader wrote to me with a question about whether&nbsp;YouTube was worth it as a marketing tool. The shortest answer I could give is that today YouTube is as important as having a blog. Here is why: YouTube, which is owned by Google, is the most used search engine after Google itself. When a quality</span><br></p>', 2, '2015-08-13 14:15:35', '2015-08-19 17:31:10', 1, 'A reader wrote to me with a question about whether YouTube was worth it as a marketing tool. The shortest answer I could give is that today YouTube is as important as having a blog. Here is why: YouTube, which is owned by Google, is the most used search engine after Google itself. When a quality', ''),
(50, 'should-you-disclose-the-date-of-your-posts', 'Should You Disclose the Date of Your Posts?', '<p><span style="color: rgb(51, 51, 51); font-family: Georgia, Verdana, Geneva, Arial, sans-serif; font-size: 16px; line-height: 24px;">When I google for something and land on a blog, I usually start looking for clues about a post’s age. I’ll look at the address bar hoping to see a date in the permalink. I’ll look around the title and at the end of the post, searching for a “Posted on” label. Finally, I’ll take</span><br></p>', 1, '2015-08-13 14:15:51', '2015-08-13 14:15:51', 1, 'When I google for something and land on a blog, I usually start looking for clues about a post’s age. I’ll look at the address bar hoping to see a date in the permalink. I’ll look around the title and at the end of the post, searching for a “Posted on” label. Finally, I’ll take', ''),
(52, 'should-you-give-into-buzz-blogging', 'Should You Give into Buzz Blogging?', '<p><span style="color: rgb(51, 51, 51); font-family: Georgia, Verdana, Geneva, Arial, sans-serif; font-size: 16px; line-height: 24px;">Over the past couple of years we have witnessed the emergence of a new style of blogging. I call it Buzz Blogging as BuzzFeed was an early adopter of the style and stands as a prominent example in this field. I define Buzz Blogging as a style of blogging with the following characteristics: Headlines that</span><br></p>', 4, '2015-08-13 14:16:21', '2015-08-13 14:16:21', 1, 'Over the past couple of years we have witnessed the emergence of a new style of blogging. I call it Buzz Blogging as BuzzFeed was an early adopter of the style and stands as a prominent example in this field. I define Buzz Blogging as a style of blogging with the following characteristics: Headlines that', ''),
(53, 'why-should-i-care-about-your-blog', 'Why Should I Care About Your Blog?', '<p><span style="color: rgb(51, 51, 51); font-family: Georgia, Verdana, Geneva, Arial, sans-serif; font-size: 16px; line-height: 24px;">When I visit a blog for the first time, I usually have one key question in the back of my mind, “Why should I care about this blog?”. There is no shortage of blogs and articles online, and in the face of such a huge volume of written content, why should I spend my limited</span><br></p>', 3, '2015-08-13 14:16:37', '2015-08-13 14:16:37', 1, 'When I visit a blog for the first time, I usually have one key question in the back of my mind, “Why should I care about this blog?”. There is no shortage of blogs and articles online, and in the face of such a huge volume of written content, why should I spend my limited', ''),
(54, 'cyber-monday-deal-get-technical-blogging-for-40-off', 'Cyber Monday deal: Get Technical Blogging for 40% off', '<p><span style="color: rgb(51, 51, 51); font-family: Georgia, Verdana, Geneva, Arial, sans-serif; font-size: 16px; line-height: 24px;">As the weather takes a turn towards freezing, I always start to think about the list of books I’m hoping to buy and read in the coming winter months, nestled inside all cozy and warm, away from winter’s notorious wrath. noIf you’re also on the hunt for some top-notch cold weather reads and/or if you’ve&nbsp;</span><br></p>', 1, '2015-08-13 14:16:49', '2015-08-13 14:16:49', 1, 'As the weather takes a turn towards freezing, I always start to think about the list of books I’m hoping to buy and read in the coming winter months, nestled inside all cozy and warm, away from winter’s notorious wrath. noIf you’re also on the hunt for some top-notch cold weather reads and/or if you’ve ', ''),
(55, '6-reasons-why-the-amazon-associates-affiliate-program-is-highly-underrated', '6 Reasons Why the Amazon Associates Affiliate Program Is Highly Underrated', '<p><span style="color: rgb(51, 51, 51); font-family: Georgia, Verdana, Geneva, Arial, sans-serif; font-size: 16px; line-height: 24px;">It is natural for bloggers who start to gather a following to consider revenue opportunities to reward their time and effort. Google AdSense is a popular option for its plug and play nature. Sadly, it tends to be a disappointing source of income for most bloggers. The average RPM (revenue per thousand impressions of an</span><br></p>', 3, '2015-08-13 14:17:03', '2015-08-13 14:17:03', 1, 'It is natural for bloggers who start to gather a following to consider revenue opportunities to reward their time and effort. Google AdSense is a popular option for its plug and play nature. Sadly, it tends to be a disappointing source of income for most bloggers. The average RPM (revenue per thousand impressions of an', ''),
(56, 'asdf-3afasd-asdf', 'asdf 3afasd asdf', '<p>adf</p>', 1, '2015-08-14 08:15:27', '2015-08-14 08:15:27', 1, 'asdf', ''),
(57, 'adf', '', '<p>xzcv</p>', 1, '2015-08-19 12:28:58', '2015-08-19 12:30:59', 1, 'xv', ''),
(58, '', '', '<p>xzcv</p>', 1, '2015-08-19 12:29:56', '2015-08-19 12:29:56', 1, 'xv', ''),
(59, 'hello-world', 'Hello world', '<p style="margin-top: 0.5em; margin-bottom: 0.5em; line-height: 22.3999996185303px; color: rgb(37, 37, 37); font-family: sans-serif;">On a visit to an astronomy observatory, I learnt about the use of a<a href="https://en.wikipedia.org/wiki/Bahtinov_mask" title="Bahtinov mask" style="color: rgb(11, 0, 128); background-image: none; background-attachment: initial; background-size: initial; background-origin: initial; background-clip: initial; background-position: initial; background-repeat: initial;">Bahtinov mask</a>&nbsp;to focus a telescope. Invented only 7 years ago by an amateur astronomer, it ingeniously exploits what is normally considered an undesirable artifact:&nbsp;<a href="https://en.wikipedia.org/wiki/Diffraction_spike" title="Diffraction spike" style="color: rgb(11, 0, 128); background-image: none; background-attachment: initial; background-size: initial; background-origin: initial; background-clip: initial; background-position: initial; background-repeat: initial;">diffraction spikes</a>. As I couldn''t find a diagram on the Internet which explains its operation, I decided to draw one while awaiting the airport bus back to Cambridge.</p><div><br></div>', 1, '2015-08-19 14:58:43', '2015-08-19 15:04:55', 1, 'My interest in editing Wikipedia is in illustration, so let me know if you wish some article on science, technology, architecture or mathematics illustrated', ''),
(60, 'teste', 'teste', '<p>setaet</p>', 1, '2015-08-19 15:06:07', '2015-08-19 15:06:07', 1, 'taet', ''),
(63, 'asdf', 'adfsasdf', '<p>asdf</p>', 1, '2015-08-19 15:18:18', '2015-08-19 15:55:31', 1, 'asdfdasf', ''),
(64, 'asdfasdf', 'adsfasdf', '<p>asdfasdf</p>', 1, '2015-08-19 15:55:48', '2015-08-19 15:56:05', 1, 'asdf', ''),
(65, '123123', '1233611231', '<p>123</p>', 1, '2015-08-19 16:00:30', '2015-08-19 16:07:06', 1, '123', ''),
(66, 'title-test', 'title test', '<p>aset</p>', 1, '2015-08-19 16:07:29', '2015-08-19 16:07:37', 1, 'astest', ''),
(67, 'new-post1-new-post1', 'New Post1 New Post1', '<p><legend style="width: 975px;">New Post1</legend></p><div><br></div><p></p><div class="form-group" style="color: rgb(51, 51, 51);"></div>', 1, '2015-08-19 16:10:08', '2015-08-19 16:10:08', 1, 'fsNew Post1\r\n', '13e975a037656c330b7868eeec65ba14.PNG'),
(68, 'dgsdfgdsfg', 'dgsdfgdsfg', '<p>sdfg</p>', 1, '2015-08-19 16:10:45', '2015-08-19 16:21:47', 1, 'sdfg', ''),
(69, 'asdf', 'dfasf', '<p>asdf</p>', 1, '2015-08-19 16:22:03', '2015-08-19 16:22:12', 1, 'asdfasdf', ''),
(70, 'sdfasdf', 'asdfasdfasdfdf', '<p>adsfdasf</p>', 1, '2015-08-19 16:25:09', '2015-08-19 17:00:12', 1, 'adsfadsf', ''),
(71, 'asdfdasf', 'asdfasdfasdf', '<p>adsfadsf</p>', 1, '2015-08-19 17:01:31', '2015-08-19 17:01:31', 1, 'adsf', ''),
(72, 'asdfadsf', 'asdfasdf', '<p>asdf</p>', 1, '2015-08-19 17:01:40', '2015-08-19 17:01:40', 1, 'afasdf', '697dd4f6ea7cf4127dd19219b5a55ef0.PNG'),
(73, 'asdfasdfdasf', 'asdfasdfasasdf', '<p>asdfasd</p>', 8, '2015-08-19 17:01:57', '2015-08-19 17:34:26', 1, 'fasdf', ''),
(74, 'codeigniter-handling-errors', 'Codeigniter: Handling errors', '<p style="padding-left: 5px;">The way I see it, there are 2 types of errors we have to work with. The ones which are displayed out in nice friendly text to your users, and the type which are hidden and shown only to you as the coder to figure out where something has gone wrong. CI provides the means to do both, thankfully.</p><p style="padding-left: 5px;"><span id="more-172"></span></p><p style="padding-left: 5px;">System/Application Errors<br>Let’s start with having a look at how CI deals with PHP errors. By default, on a clean install, CI will display ALL php errors of all severity. So if you make a mistake in your PHP coding, you’ll see plenty of these…</p><p style="padding-left: 5px;"><br></p><p style="padding-left: 5px;">Instead of E_ALL, you can change it to any of the&nbsp;<a href="http://sg2.php.net/manual/en/errorfunc.constants.php">predefined error constant</a>&nbsp;that PHP understands to suit your needs. Obviously, once your site goes live, you should change from E_ALL to E_ERROR to show only messages for fatal run time problems. This will hide all php errors except those that will halt your script execution.</p><p style="padding-left: 5px;">So, if the error messages are hidden, how else can we tell if something is not working right? Well, CI can writes out any errors it encounters into its log file. You can configure your CI log file by going to theconfig.php&nbsp;file in your&nbsp;applications/config&nbsp;directory.</p>', 3, '2015-08-20 08:24:43', '2015-08-20 08:24:50', 1, 'As coders, I’m sure we all know the value of good error handling. So I thought a quick post about how Codeigniter deals with those pesky errors would be a good post.', '6097008bfdf3479c709548ba5f8f8cd6.png'),
(75, 'gui-clients', 'GUI Clients', '<p><span style="color: rgb(128, 128, 128); font-family: ''Segoe UI'', ''Helvetica Neue'', Helvetica, Arial, sans-serif; font-size: 18px; line-height: 25.2000007629395px;">GitHub Desktop is a seamless way to contribute to projects on&nbsp;</span><a href="https://github.com/" style="margin: 0px; padding: 0px; border: 0px; font-family: ''Segoe UI'', ''Helvetica Neue'', Helvetica, Arial, sans-serif; font-size: 18px; font-stretch: inherit; line-height: 25.2000007629395px; vertical-align: baseline; color: rgb(68, 68, 68);">GitHub</a><span style="color: rgb(128, 128, 128); font-family: ''Segoe UI'', ''Helvetica Neue'', Helvetica, Arial, sans-serif; font-size: 18px; line-height: 25.2000007629395px;">&nbsp;and</span><a href="https://enterprise.github.com/" style="margin: 0px; padding: 0px; border: 0px; font-family: ''Segoe UI'', ''Helvetica Neue'', Helvetica, Arial, sans-serif; font-size: 18px; font-stretch: inherit; line-height: 25.2000007629395px; vertical-align: baseline; color: rgb(68, 68, 68);">GitHub Enterprise</a><br></p>', 1, '2015-08-20 08:28:36', '2015-08-20 08:28:36', 29, 'Git comes with built-in GUI tools for committing (git-gui) and browsing (gitk), but there are several third-party tools for users looking for platform-specific experience.', '0d86f07ff9d04d1979eb41eeae04eb0a.png');
INSERT INTO `post` (`id`, `alias`, `title`, `content`, `category_id`, `create_time`, `modify_time`, `account_id`, `mieu_ta`, `hinh_anh`) VALUES
(76, 'branch-off-bvhvb-ahjbsdfhjbsadf-ajh34343276842342', 'Branch off', 'Branches are essential to proposing changes and reviewing code on GitHub—and they’re always available in the top left corner of the repository view. Just select the current branch to switch branches or create a new one. afdsfasdf', 2, '2015-08-20 08:33:46', '2015-08-20 15:52:11', 29, 'Branches are essential to proposing changes and reviewing code on GitHub—and they’re always available in the top left corner of the repository view. Just select the current branch to switch branches or create a new one.', '5ecc30eb654a7b6d3fa71979761534ca.jpg'),
(79, 'rewtrewt', 'rewtrewt', '<p>retwert</p>', 0, '2015-08-20 15:42:29', '2015-08-20 15:42:29', 30, 'erwt', ''),
(83, 'tieng-viet', 'Tiếng Việt', '<p style="margin-top: 0.5em; margin-bottom: 0.5em;">Đây là tiếng mẹ đẻ của khoảng 85% dân cư Việt Nam, cùng với hơn bốn triệungười Việt hải ngoại Tiếng Việt còn là ngôn ngữ thứ hai của cácdân tộc thiểu sốtại Việt Nam. Mặc dù tiếng Việt có một số từ vựngvay mượn từtiếng Hán và trước đây dùngchữ Hán để viết, sau đó được cải biên thành chữ Nôm, tiếng Việt được coi là một trong số các ngôn ngữ thuộc hệ ngôn ngữ Nam Ácó số người nói nhiều nhất (nhiều hơn một số lần so với các ngôn ngữ khác cùng hệ cộng lại). Ngày nay tiếng Việt dùng bảng chữ cái Latinh, gọi là chữ Quốc ngữ, cùng các dấu thanh để viết.</p><p style="margin-top: 0.5em; margin-bottom: 0.5em;"><br></p>', 17, '2015-08-21 08:20:03', '2015-08-21 08:24:10', 30, 'Tiếng Việt, còn gọi tiếng Việt Nam[4] hay Việt ngữ, là ngôn ngữ của người Việt (người Kinh) và là ngôn ngữ chính thức tại Việt Nam. ', 'a4ad8eaaa1581533ac7984d9ce56f0f2.png'),
(84, 'xep-loai-tieng-viet', 'Xếp loại tiếng việt', '<p>Với những cơ sở khoa học gần đây được đa số các&nbsp;nhà ngôn ngữ học&nbsp;thừa nhận, tiếng Việt thuộc&nbsp;<span style="background-image: none; background-attachment: initial; background-size: initial; background-origin: initial; background-clip: initial; background-position: initial; background-repeat: initial;">hệ Nam Á</span>&nbsp;ở khu vực&nbsp;<span style="background-image: none; background-attachment: initial; background-size: initial; background-origin: initial; background-clip: initial; background-position: initial; background-repeat: initial;">Đông Nam Á</span>&nbsp;hiện nay, có quan hệ gần gũi với&nbsp;tiếng Mường. Xa hơn là các thứ tiếng thuộc&nbsp;<span style="background-image: none; background-attachment: initial; background-size: initial; background-origin: initial; background-clip: initial; background-position: initial; background-repeat: initial;">nhóm ngôn ngữ Môn-Khmer</span><br></p>', 16, '2015-08-21 08:22:28', '2015-08-21 08:24:04', 30, 'Với những cơ sở khoa học gần đây được đa số các nhà ngôn ngữ học thừa nhận, tiếng Việt thuộc hệ Nam Á ở khu vực Đông Nam Á hiện nay, có quan hệ gần gũi với tiếng Mường. Xa hơn là các thứ tiếng thuộc nhóm ngôn ngữ Môn-Khmer', 'f2f841decf29aca44b3c8a844e8e5e14.png'),
(85, 'tu-vung', 'Từ vựng', '<p><span style="color: rgb(37, 37, 37); font-family: sans-serif; line-height: 22.3999996185303px;">Từ thuần Việt là những từ xuất hiện lâu đời trong tiếng Việt, biểu thị những sự vật, hiện tượng, khái niệm cơ bản nhất. Do có sự tiếp xúc từ rất sớm với các ngôn ngữ nhóm Tày-Thái nên nhiều từ thuần Việt và các từ tương ứng trong các tiếng này có sự giống nhau nhất định về ngữ âm và ngữ nghĩa</span><br></p>', 18, '2015-08-21 08:23:02', '2015-08-21 08:23:58', 30, 'Từ vựng tiếng Việt được chia ra thành hai bộ phận lớn: từ thuần Việt và từ mượn. Ngoài ra còn có những từ hỗn chủng, là kết quả của sự kết hợp các yếu tố thuần Việt và ngoại lai', '01459a569c3f4bb7bd961c34a2dd3d66.JPG'),
(86, 'conversation-game-suggested-rules', 'Conversation Game Suggested Rules', '<p><br style="font-family: Geneva, Arial, Helvetica, sans-serif; font-size: 16px; line-height: normal;"><span style="font-family: Geneva, Arial, Helvetica, sans-serif; font-size: 16px; line-height: normal;">Agree on time limits such as 2 minutes with possible extensions of 2 -3 minutes.</span><br style="font-family: Geneva, Arial, Helvetica, sans-serif; font-size: 16px; line-height: normal;"><br style="font-family: Geneva, Arial, Helvetica, sans-serif; font-size: 16px; line-height: normal;"><span style="font-family: Geneva, Arial, Helvetica, sans-serif; font-size: 16px; line-height: normal;">Use format for topic talk, such as, who, what, when, why &amp; how with intro/middle/ending.</span><br style="font-family: Geneva, Arial, Helvetica, sans-serif; font-size: 16px; line-height: normal;"><br style="font-family: Geneva, Arial, Helvetica, sans-serif; font-size: 16px; line-height: normal;"><span style="font-family: Geneva, Arial, Helvetica, sans-serif; font-size: 16px; line-height: normal;">Show listening with eye contact, nodding, summarizing and asking questions afterwards.</span><br style="font-family: Geneva, Arial, Helvetica, sans-serif; font-size: 16px; line-height: normal;"><br style="font-family: Geneva, Arial, Helvetica, sans-serif; font-size: 16px; line-height: normal;"><span style="font-family: Geneva, Arial, Helvetica, sans-serif; font-size: 16px; line-height: normal;">Take turns for as long as both are comfortable or decide beforehand.</span><br></p>', 19, '2015-08-21 08:25:54', '2015-08-21 08:26:26', 29, 'Choose one topic at a time for one or both of you. There is a list of upbeat topics below.', 'af88ef31e72ff32689818e561a8a52ba.jpg'),
(87, 'positive-topics', 'Positive Topics', '<p style="font-family: Verdana, Arial, Helvetica, sans-serif; font-size: 16px; line-height: normal;">If you could spend a day with anyone, whom would you choose?</p><p style="font-family: Verdana, Arial, Helvetica, sans-serif; font-size: 16px; line-height: normal;">If you had to name a clever thing that you have done, what would it be?</p><p style="font-family: Verdana, Arial, Helvetica, sans-serif; font-size: 16px; line-height: normal;">If you wanted to reward yourself what might you do to celebrate?</p><p style="font-family: Verdana, Arial, Helvetica, sans-serif; font-size: 16px; line-height: normal;">What is one thing about your life that you would not change?</p><p style="font-family: Verdana, Arial, Helvetica, sans-serif; font-size: 16px; line-height: normal;">What are you not spending enough time doing?</p><p style="font-family: Verdana, Arial, Helvetica, sans-serif; font-size: 16px; line-height: normal;">What is one of your strengths?</p><p style="font-family: Verdana, Arial, Helvetica, sans-serif; font-size: 16px; line-height: normal;">If you are feeling unmotivated, who helps you get yourself going?</p><p style="font-family: Verdana, Arial, Helvetica, sans-serif; font-size: 16px; line-height: normal;">What subject in school turned out to be your favorite?</p><p style="font-family: Verdana, Arial, Helvetica, sans-serif; font-size: 16px; line-height: normal;">If you could magically do one thing, what would you do?</p><p style="font-family: Verdana, Arial, Helvetica, sans-serif; font-size: 16px; line-height: normal;">What always makes you feel good about yourself?</p><p style="font-family: Verdana, Arial, Helvetica, sans-serif; font-size: 16px; line-height: normal;">If you won a five-minute shopping spree at any store, where would you choose?</p><p style="font-family: Verdana, Arial, Helvetica, sans-serif; font-size: 16px; line-height: normal;">If you won a million dollars, what might you change about your life?</p><p style="font-family: Verdana, Arial, Helvetica, sans-serif; font-size: 16px; line-height: normal;">How might people improve their self-esteem?</p><p style="font-family: Verdana, Arial, Helvetica, sans-serif; font-size: 16px; line-height: normal;">What group would you like to be a part of?</p><p style="font-family: Verdana, Arial, Helvetica, sans-serif; font-size: 16px; line-height: normal;">What is a goal you have and how will you achieve it?</p><p style="font-family: Verdana, Arial, Helvetica, sans-serif; font-size: 16px; line-height: normal;">What honor have you received in the past that you are proud about?</p><p style="font-family: Verdana, Arial, Helvetica, sans-serif; font-size: 16px; line-height: normal;">If you learned you only had six months to live, how would you spend your time?</p><p style="font-family: Verdana, Arial, Helvetica, sans-serif; font-size: 16px; line-height: normal;">Make up a question.</p>', 19, '2015-08-21 08:26:49', '2015-08-21 08:27:20', 29, 'Learning effective conversation skills ranks as one of the most significant social abilities. The challenges include  talking too much, not taking turns, talking when other can’t listen, dwelling on inappropriate topics, and not responding to communication. Playing this game with a partner can develop good skills and give mutual enjoyment', 'c8b3016f01ef9afa36ed7c3085140a33.jpg');

--
-- Indexes for dumped tables
--

--
-- Indexes for table `account`
--
ALTER TABLE `account`
  ADD PRIMARY KEY (`id`), ADD UNIQUE KEY `username` (`username`);

--
-- Indexes for table `category`
--
ALTER TABLE `category`
  ADD PRIMARY KEY (`id`);

--
-- Indexes for table `comment`
--
ALTER TABLE `comment`
  ADD PRIMARY KEY (`id`);

--
-- Indexes for table `post`
--
ALTER TABLE `post`
  ADD PRIMARY KEY (`id`);

--
-- AUTO_INCREMENT for dumped tables
--

--
-- AUTO_INCREMENT for table `account`
--
ALTER TABLE `account`
  MODIFY `id` int(11) NOT NULL AUTO_INCREMENT,AUTO_INCREMENT=31;
--
-- AUTO_INCREMENT for table `category`
--
ALTER TABLE `category`
  MODIFY `id` int(11) NOT NULL AUTO_INCREMENT,AUTO_INCREMENT=20;
--
-- AUTO_INCREMENT for table `comment`
--
ALTER TABLE `comment`
  MODIFY `id` int(11) NOT NULL AUTO_INCREMENT,AUTO_INCREMENT=65;
--
-- AUTO_INCREMENT for table `post`
--
ALTER TABLE `post`
  MODIFY `id` int(11) NOT NULL AUTO_INCREMENT,AUTO_INCREMENT=88;
/*!40101 SET CHARACTER_SET_CLIENT=@OLD_CHARACTER_SET_CLIENT */;
/*!40101 SET CHARACTER_SET_RESULTS=@OLD_CHARACTER_SET_RESULTS */;
/*!40101 SET COLLATION_CONNECTION=@OLD_COLLATION_CONNECTION */;
